accession	ncbi_organism_name	ncbi_taxonomy	gtdb_taxonomy	gtdb_species_representative	ncbi_type_material
GCA_000242815.2	Janthinobacterium lividum PAMC 25724	d__Bacteria; p__Pseudomonadota; c__Betaproteobacteria; o__Burkholderiales; f__Oxalobacteraceae; g__Janthinobacterium; s__Janthinobacterium lividum	d__Bacteria; p__Pseudomonadota; c__Gammaproteobacteria; o__Burkholderiales; f__Burkholderiaceae; g__Janthinobacterium; s__Janthinobacterium lividum_D	True	False
GCA_001278625.1	Janthinobacterium sp. Ant5-2	d__Bacteria; p__Pseudomonadota; c__Betaproteobacteria; o__Burkholderiales; f__Oxalobacteraceae; g__Janthinobacterium; s__	Undefined (Failed Quality Check)	False	False
GCA_001485665.1	Janthinobacterium sp. CG23_2	d__Bacteria; p__Pseudomonadota; c__Betaproteobacteria; o__Burkholderiales; f__Oxalobacteraceae; g__Janthinobacterium; s__	d__Bacteria; p__Pseudomonadota; c__Gammaproteobacteria; o__Burkholderiales; f__Burkholderiaceae; g__Telluria; s__Telluria antarctica	False	False
GCA_001678745.2	Janthinobacterium lividum	d__Bacteria; p__Pseudomonadota; c__Betaproteobacteria; o__Burkholderiales; f__Oxalobacteraceae; g__Janthinobacterium; s__Janthinobacterium lividum	d__Bacteria; p__Pseudomonadota; c__Gammaproteobacteria; o__Burkholderiales; f__Burkholderiaceae; g__Janthinobacterium; s__Janthinobacterium lividum_D	False	False
GCA_002735605.1	Janthinobacterium sp. BJB412	d__Bacteria; p__Pseudomonadota; c__Betaproteobacteria; o__Burkholderiales; f__Oxalobacteraceae; g__Janthinobacterium; s__	d__Bacteria; p__Pseudomonadota; c__Gammaproteobacteria; o__Burkholderiales; f__Burkholderiaceae; g__Rugamonas; s__Rugamonas rubra	False	False
GCA_002735615.1	Janthinobacterium sp. BJB303	d__Bacteria; p__Pseudomonadota; c__Betaproteobacteria; o__Burkholderiales; f__Oxalobacteraceae; g__Janthinobacterium; s__	d__Bacteria; p__Pseudomonadota; c__Gammaproteobacteria; o__Burkholderiales; f__Burkholderiaceae; g__Janthinobacterium; s__Janthinobacterium sp002127585	False	False
GCA_002735715.1	Janthinobacterium sp. BJB312	d__Bacteria; p__Pseudomonadota; c__Betaproteobacteria; o__Burkholderiales; f__Oxalobacteraceae; g__Janthinobacterium; s__	d__Bacteria; p__Pseudomonadota; c__Gammaproteobacteria; o__Burkholderiales; f__Burkholderiaceae; g__Janthinobacterium; s__Janthinobacterium rivuli	False	False
GCA_002735775.2	Janthinobacterium sp. BJB1	d__Bacteria; p__Pseudomonadota; c__Betaproteobacteria; o__Burkholderiales; f__Oxalobacteraceae; g__Janthinobacterium; s__	d__Bacteria; p__Pseudomonadota; c__Gammaproteobacteria; o__Burkholderiales; f__Burkholderiaceae; g__Janthinobacterium; s__Janthinobacterium sp002127585	False	False
GCA_002900945.1	Janthinobacterium sp. CG23_2	d__Bacteria; p__Pseudomonadota; c__Betaproteobacteria; o__Burkholderiales; f__Oxalobacteraceae; g__Janthinobacterium; s__	d__Bacteria; p__Pseudomonadota; c__Gammaproteobacteria; o__Burkholderiales; f__Burkholderiaceae; g__Telluria; s__Telluria antarctica	False	False
GCA_003133225.1	Janthinobacterium sp.	d__Bacteria; p__Pseudomonadota; c__Betaproteobacteria; o__Burkholderiales; f__Oxalobacteraceae; g__Janthinobacterium; s__	d__Bacteria; p__Pseudomonadota; c__Gammaproteobacteria; o__Burkholderiales; f__Burkholderiaceae; g__Janthinobacterium; s__Janthinobacterium sp003133225	True	False
GCA_003482555.1	Janthinobacterium sp.	d__Bacteria; p__Pseudomonadota; c__Betaproteobacteria; o__Burkholderiales; f__Oxalobacteraceae; g__Janthinobacterium; s__	d__Bacteria; p__Pseudomonadota; c__Gammaproteobacteria; o__Burkholderiales; f__Burkholderiaceae; g__Janthinobacterium; s__Janthinobacterium sp003482555	True	False
GCA_014379395.1	Burkholderiaceae bacterium	d__Bacteria; p__Pseudomonadota; c__Betaproteobacteria; o__Burkholderiales; f__Burkholderiaceae; g__; s__	d__Bacteria; p__Pseudomonadota; c__Gammaproteobacteria; o__Burkholderiales; f__Burkholderiaceae; g__Janthinobacterium; s__Janthinobacterium sp014379395	True	False
GCA_015999785.1	Burkholderiales bacterium	d__Bacteria; p__Pseudomonadota; c__Betaproteobacteria; o__Burkholderiales; f__; g__; s__	d__Bacteria; p__Pseudomonadota; c__Gammaproteobacteria; o__Burkholderiales; f__Burkholderiaceae; g__Janthinobacterium; s__Janthinobacterium tructae	False	False
GCA_015999975.1	Burkholderiales bacterium	d__Bacteria; p__Pseudomonadota; c__Betaproteobacteria; o__Burkholderiales; f__; g__; s__	d__Bacteria; p__Pseudomonadota; c__Gammaproteobacteria; o__Burkholderiales; f__Burkholderiaceae; g__Janthinobacterium; s__Janthinobacterium tructae	False	False
GCA_016000185.1	Burkholderiales bacterium	d__Bacteria; p__Pseudomonadota; c__Betaproteobacteria; o__Burkholderiales; f__; g__; s__	d__Bacteria; p__Pseudomonadota; c__Gammaproteobacteria; o__Burkholderiales; f__Burkholderiaceae; g__Janthinobacterium; s__Janthinobacterium tructae	False	False
GCA_018260325.1	Janthinobacterium sp.	d__Bacteria; p__Pseudomonadota; c__Betaproteobacteria; o__Burkholderiales; f__Oxalobacteraceae; g__Janthinobacterium; s__	Undefined (Failed Quality Check)	False	False
GCA_021153805.1	Janthinobacterium sp.	d__Bacteria; p__Pseudomonadota; c__Betaproteobacteria; o__Burkholderiales; f__Oxalobacteraceae; g__Janthinobacterium; s__	Undefined (Failed Quality Check)	False	False
GCA_023512775.1	Janthinobacterium lividum	d__Bacteria; p__Pseudomonadota; c__Betaproteobacteria; o__Burkholderiales; f__Oxalobacteraceae; g__Janthinobacterium; s__Janthinobacterium lividum	Undefined (Failed Quality Check)	False	False
GCA_025360045.1	Janthinobacterium sp.	d__Bacteria; p__Pseudomonadota; c__Betaproteobacteria; o__Burkholderiales; f__Oxalobacteraceae; g__Janthinobacterium; s__	d__Bacteria; p__Pseudomonadota; c__Gammaproteobacteria; o__Burkholderiales; f__Chitinibacteraceae; g__Iodobacter; s__Iodobacter sp025360045	True	False
GCA_031431155.1	Janthinobacterium sp.	d__Bacteria; p__Pseudomonadota; c__Betaproteobacteria; o__Burkholderiales; f__Oxalobacteraceae; g__Janthinobacterium; s__	d__Bacteria; p__Pseudomonadota; c__Gammaproteobacteria; o__Burkholderiales; f__Burkholderiaceae; g__Janthinobacterium; s__Janthinobacterium sp031431155	True	False
GCA_036009485.1	Janthinobacterium sp.	d__Bacteria; p__Pseudomonadota; c__Betaproteobacteria; o__Burkholderiales; f__Oxalobacteraceae; g__Janthinobacterium; s__	d__Bacteria; p__Pseudomonadota; c__Gammaproteobacteria; o__Burkholderiales; f__Burkholderiaceae; g__Janthinobacterium; s__Janthinobacterium sp036009485	True	False
GCA_036643075.1	Janthinobacterium sp.	d__Bacteria; p__Pseudomonadota; c__Betaproteobacteria; o__Burkholderiales; f__Oxalobacteraceae; g__Janthinobacterium; s__	Undefined (Failed Quality Check)	False	False
GCA_036644255.1	Janthinobacterium sp.	d__Bacteria; p__Pseudomonadota; c__Betaproteobacteria; o__Burkholderiales; f__Oxalobacteraceae; g__Janthinobacterium; s__	Undefined (Failed Quality Check)	False	False
GCA_036645075.1	Janthinobacterium sp.	d__Bacteria; p__Pseudomonadota; c__Betaproteobacteria; o__Burkholderiales; f__Oxalobacteraceae; g__Janthinobacterium; s__	Undefined (Failed Quality Check)	False	False
GCA_036646655.1	Janthinobacterium sp.	d__Bacteria; p__Pseudomonadota; c__Betaproteobacteria; o__Burkholderiales; f__Oxalobacteraceae; g__Janthinobacterium; s__	Undefined (Failed Quality Check)	False	False
GCA_036654335.1	Janthinobacterium sp.	d__Bacteria; p__Pseudomonadota; c__Betaproteobacteria; o__Burkholderiales; f__Oxalobacteraceae; g__Janthinobacterium; s__	Undefined (Failed Quality Check)	False	False
GCA_036667475.1	Janthinobacterium sp.	d__Bacteria; p__Pseudomonadota; c__Betaproteobacteria; o__Burkholderiales; f__Oxalobacteraceae; g__Janthinobacterium; s__	Undefined (Failed Quality Check)	False	False
GCA_037049705.1	Janthinobacterium sp. LPB2021202312-11-4	d__Bacteria; p__Pseudomonadota; c__Betaproteobacteria; o__Burkholderiales; f__Oxalobacteraceae; g__Janthinobacterium; s__	d__Bacteria; p__Pseudomonadota; c__Gammaproteobacteria; o__Pseudomonadales; f__Pseudomonadaceae; g__Pseudomonas_E; s__Pseudomonas_E sp037049705	True	False
GCA_037968435.1	Janthinobacterium svalbardensis	d__Bacteria; p__Pseudomonadota; c__Betaproteobacteria; o__Burkholderiales; f__Oxalobacteraceae; g__Janthinobacterium; s__Janthinobacterium svalbardensis	d__Bacteria; p__Pseudomonadota; c__Gammaproteobacteria; o__Burkholderiales; f__Burkholderiaceae; g__Janthinobacterium; s__Janthinobacterium tructae	False	False
GCA_040385995.1	Pseudomonadota bacterium	d__Bacteria; p__Pseudomonadota; c__; o__; f__; g__; s__	d__Bacteria; p__Pseudomonadota; c__Gammaproteobacteria; o__Burkholderiales; f__Burkholderiaceae; g__Janthinobacterium; s__Janthinobacterium sp040385995	True	False
GCA_040544385.1	Oxalobacteraceae bacterium GrIS 1.11	d__Bacteria; p__Pseudomonadota; c__Betaproteobacteria; o__Burkholderiales; f__Oxalobacteraceae; g__; s__	d__Bacteria; p__Pseudomonadota; c__Gammaproteobacteria; o__Burkholderiales; f__Burkholderiaceae; g__Janthinobacterium; s__Janthinobacterium sp040544385	True	False
GCA_040815535.1	Massilia sp. LMS1-1-1.1	d__Bacteria; p__Pseudomonadota; c__Betaproteobacteria; o__Burkholderiales; f__Oxalobacteraceae; g__Massilia; s__	d__Bacteria; p__Pseudomonadota; c__Gammaproteobacteria; o__Burkholderiales; f__Burkholderiaceae; g__Janthinobacterium; s__Janthinobacterium lividum_C	False	False
GCA_041660425.1	Janthinobacterium sp.	d__Bacteria; p__Pseudomonadota; c__Betaproteobacteria; o__Burkholderiales; f__Oxalobacteraceae; g__Janthinobacterium; s__	d__Bacteria; p__Pseudomonadota; c__Gammaproteobacteria; o__Burkholderiales; f__Burkholderiaceae; g__Janthinobacterium; s__Janthinobacterium tructae	False	False
GCA_937862775.1	uncultured Janthinobacterium sp.	d__Bacteria; p__Pseudomonadota; c__Betaproteobacteria; o__Burkholderiales; f__Oxalobacteraceae; g__Janthinobacterium; s__	Undefined (Failed Quality Check)	False	False
GCA_937868655.1	uncultured Janthinobacterium sp.	d__Bacteria; p__Pseudomonadota; c__Betaproteobacteria; o__Burkholderiales; f__Oxalobacteraceae; g__Janthinobacterium; s__	Undefined (Failed Quality Check)	False	False
GCA_943327025.2	Janthinobacterium lividum	d__Bacteria; p__Pseudomonadota; c__Betaproteobacteria; o__Burkholderiales; f__Oxalobacteraceae; g__Janthinobacterium; s__Janthinobacterium lividum	d__Bacteria; p__Pseudomonadota; c__Gammaproteobacteria; o__Steroidobacterales; f__Steroidobacteraceae; g__CAIOHZ01; s__CAIOHZ01 sp943327025	True	False
GCA_945864765.1	Janthinobacterium lividum	d__Bacteria; p__Pseudomonadota; c__Betaproteobacteria; o__Burkholderiales; f__Oxalobacteraceae; g__Janthinobacterium; s__Janthinobacterium lividum	d__Bacteria; p__Pseudomonadota; c__Gammaproteobacteria; o__Burkholderiales; f__Burkholderiaceae; g__CAMBDR01; s__CAMBDR01 sp945864765	True	False
GCA_947446335.1	Oxalobacteraceae bacterium	d__Bacteria; p__Pseudomonadota; c__Betaproteobacteria; o__Burkholderiales; f__Oxalobacteraceae; g__; s__	d__Bacteria; p__Pseudomonadota; c__Gammaproteobacteria; o__Burkholderiales; f__Burkholderiaceae; g__Janthinobacterium; s__Janthinobacterium sp947446335	True	False
GCF_000013625.1	Janthinobacterium sp. Marseille	d__Bacteria; p__Pseudomonadota; c__Betaproteobacteria; o__Burkholderiales; f__Oxalobacteraceae; g__Janthinobacterium; s__	d__Bacteria; p__Pseudomonadota; c__Gammaproteobacteria; o__Burkholderiales; f__Burkholderiaceae; g__Herminiimonas; s__Herminiimonas sp000013625	True	False
GCF_000335815.1	Janthinobacterium sp. HH01	d__Bacteria; p__Pseudomonadota; c__Betaproteobacteria; o__Burkholderiales; f__Oxalobacteraceae; g__Janthinobacterium; s__	d__Bacteria; p__Pseudomonadota; c__Gammaproteobacteria; o__Burkholderiales; f__Burkholderiaceae; g__Duganella; s__Duganella rivuli	False	False
GCF_000344615.1	Janthinobacterium sp. CG3	d__Bacteria; p__Pseudomonadota; c__Betaproteobacteria; o__Burkholderiales; f__Oxalobacteraceae; g__Janthinobacterium; s__	d__Bacteria; p__Pseudomonadota; c__Gammaproteobacteria; o__Burkholderiales; f__Burkholderiaceae; g__Janthinobacterium; s__Janthinobacterium sp000344615	True	False
GCF_000632025.1	Janthinobacterium lividum	d__Bacteria; p__Pseudomonadota; c__Betaproteobacteria; o__Burkholderiales; f__Oxalobacteraceae; g__Janthinobacterium; s__Janthinobacterium lividum	d__Bacteria; p__Pseudomonadota; c__Gammaproteobacteria; o__Burkholderiales; f__Burkholderiaceae; g__Janthinobacterium; s__Janthinobacterium lividum_C	False	False
GCF_000723165.1	Janthinobacterium agaricidamnosum NBRC 102515 = DSM 9628	d__Bacteria; p__Pseudomonadota; c__Betaproteobacteria; o__Burkholderiales; f__Oxalobacteraceae; g__Janthinobacterium; s__Janthinobacterium agaricidamnosum	d__Bacteria; p__Pseudomonadota; c__Gammaproteobacteria; o__Burkholderiales; f__Burkholderiaceae; g__Janthinobacterium; s__Janthinobacterium agaricidamnosum	True	True
GCF_000745325.1	Janthinobacterium sp. RA13	d__Bacteria; p__Pseudomonadota; c__Betaproteobacteria; o__Burkholderiales; f__Oxalobacteraceae; g__Janthinobacterium; s__	d__Bacteria; p__Pseudomonadota; c__Gammaproteobacteria; o__Burkholderiales; f__Burkholderiaceae; g__Janthinobacterium; s__Janthinobacterium rivuli	False	False
GCF_000783415.1	Janthinobacterium lividum	d__Bacteria; p__Pseudomonadota; c__Betaproteobacteria; o__Burkholderiales; f__Oxalobacteraceae; g__Janthinobacterium; s__Janthinobacterium lividum	d__Bacteria; p__Pseudomonadota; c__Gammaproteobacteria; o__Burkholderiales; f__Burkholderiaceae; g__Janthinobacterium; s__Janthinobacterium lividum	False	False
GCF_000969645.2	Janthinobacterium sp. B9-8	d__Bacteria; p__Pseudomonadota; c__Betaproteobacteria; o__Burkholderiales; f__Oxalobacteraceae; g__Janthinobacterium; s__	d__Bacteria; p__Pseudomonadota; c__Gammaproteobacteria; o__Burkholderiales; f__Chitinibacteraceae; g__Iodobacter; s__Iodobacter sp000969645	True	False
GCF_000988085.1	Janthinobacterium sp. KBS0711	d__Bacteria; p__Pseudomonadota; c__Betaproteobacteria; o__Burkholderiales; f__Oxalobacteraceae; g__Janthinobacterium; s__	d__Bacteria; p__Pseudomonadota; c__Gammaproteobacteria; o__Burkholderiales; f__Burkholderiaceae; g__Janthinobacterium; s__Janthinobacterium lividum_E	False	False
GCF_001445815.1	Janthinobacterium sp. Ant5-2-1	d__Bacteria; p__Pseudomonadota; c__Betaproteobacteria; o__Burkholderiales; f__Oxalobacteraceae; g__Janthinobacterium; s__	d__Bacteria; p__Pseudomonadota; c__Gammaproteobacteria; o__Burkholderiales; f__Burkholderiaceae; g__Janthinobacterium; s__Janthinobacterium lividum_E	False	False
GCF_001571185.1	Janthinobacterium agaricidamnosum NBRC 102515 = DSM 9628	d__Bacteria; p__Pseudomonadota; c__Betaproteobacteria; o__Burkholderiales; f__Oxalobacteraceae; g__Janthinobacterium; s__Janthinobacterium agaricidamnosum	d__Bacteria; p__Pseudomonadota; c__Gammaproteobacteria; o__Burkholderiales; f__Burkholderiaceae; g__Janthinobacterium; s__Janthinobacterium agaricidamnosum	False	True
GCF_001677885.1	Janthinobacterium psychrotolerans	d__Bacteria; p__Pseudomonadota; c__Betaproteobacteria; o__Burkholderiales; f__Oxalobacteraceae; g__Janthinobacterium; s__Janthinobacterium psychrotolerans	d__Bacteria; p__Pseudomonadota; c__Gammaproteobacteria; o__Burkholderiales; f__Burkholderiaceae; g__Janthinobacterium; s__Janthinobacterium psychrotolerans	True	True
GCF_001758625.2	Janthinobacterium sp. HH102	d__Bacteria; p__Pseudomonadota; c__Betaproteobacteria; o__Burkholderiales; f__Oxalobacteraceae; g__Janthinobacterium; s__	d__Bacteria; p__Pseudomonadota; c__Gammaproteobacteria; o__Burkholderiales; f__Burkholderiaceae; g__Janthinobacterium; s__Janthinobacterium sp001758725	False	False
GCF_001758635.1	Janthinobacterium lividum	d__Bacteria; p__Pseudomonadota; c__Betaproteobacteria; o__Burkholderiales; f__Oxalobacteraceae; g__Janthinobacterium; s__Janthinobacterium lividum	d__Bacteria; p__Pseudomonadota; c__Gammaproteobacteria; o__Burkholderiales; f__Burkholderiaceae; g__Janthinobacterium; s__Janthinobacterium lividum	False	True
GCF_001758645.1	Janthinobacterium sp. MP5059B	d__Bacteria; p__Pseudomonadota; c__Betaproteobacteria; o__Burkholderiales; f__Oxalobacteraceae; g__Janthinobacterium; s__	d__Bacteria; p__Pseudomonadota; c__Gammaproteobacteria; o__Burkholderiales; f__Burkholderiaceae; g__Janthinobacterium; s__Janthinobacterium lividum	False	False
GCF_001758685.1	Janthinobacterium sp. HH100	d__Bacteria; p__Pseudomonadota; c__Betaproteobacteria; o__Burkholderiales; f__Oxalobacteraceae; g__Janthinobacterium; s__	d__Bacteria; p__Pseudomonadota; c__Gammaproteobacteria; o__Burkholderiales; f__Burkholderiaceae; g__Janthinobacterium; s__Janthinobacterium sp001758725	False	False
GCF_001758705.1	Janthinobacterium sp. HH103	d__Bacteria; p__Pseudomonadota; c__Betaproteobacteria; o__Burkholderiales; f__Oxalobacteraceae; g__Janthinobacterium; s__	d__Bacteria; p__Pseudomonadota; c__Gammaproteobacteria; o__Burkholderiales; f__Burkholderiaceae; g__Janthinobacterium; s__Janthinobacterium sp001758725	False	False
GCF_001758715.1	Janthinobacterium sp. HH104	d__Bacteria; p__Pseudomonadota; c__Betaproteobacteria; o__Burkholderiales; f__Oxalobacteraceae; g__Janthinobacterium; s__	d__Bacteria; p__Pseudomonadota; c__Gammaproteobacteria; o__Burkholderiales; f__Burkholderiaceae; g__Janthinobacterium; s__Janthinobacterium lividum_C	False	False
GCF_001758725.1	Janthinobacterium sp. HH106	d__Bacteria; p__Pseudomonadota; c__Betaproteobacteria; o__Burkholderiales; f__Oxalobacteraceae; g__Janthinobacterium; s__	d__Bacteria; p__Pseudomonadota; c__Gammaproteobacteria; o__Burkholderiales; f__Burkholderiaceae; g__Janthinobacterium; s__Janthinobacterium sp001758725	False	False
GCF_001758765.1	Janthinobacterium sp. HH107	d__Bacteria; p__Pseudomonadota; c__Betaproteobacteria; o__Burkholderiales; f__Oxalobacteraceae; g__Janthinobacterium; s__	d__Bacteria; p__Pseudomonadota; c__Gammaproteobacteria; o__Burkholderiales; f__Burkholderiaceae; g__Janthinobacterium; s__Janthinobacterium sp001758725	False	False
GCF_001854915.1	Janthinobacterium lividum	d__Bacteria; p__Pseudomonadota; c__Betaproteobacteria; o__Burkholderiales; f__Oxalobacteraceae; g__Janthinobacterium; s__Janthinobacterium lividum	d__Bacteria; p__Pseudomonadota; c__Gammaproteobacteria; o__Burkholderiales; f__Burkholderiaceae; g__Janthinobacterium; s__Janthinobacterium tructae	False	False
GCF_001865675.1	Janthinobacterium sp. 1_2014MBL_MicDiv	d__Bacteria; p__Pseudomonadota; c__Betaproteobacteria; o__Burkholderiales; f__Oxalobacteraceae; g__Janthinobacterium; s__	d__Bacteria; p__Pseudomonadota; c__Gammaproteobacteria; o__Burkholderiales; f__Burkholderiaceae; g__Janthinobacterium; s__Janthinobacterium sp001865675	True	False
GCF_002002885.1	Janthinobacterium sp. LM6	d__Bacteria; p__Pseudomonadota; c__Betaproteobacteria; o__Burkholderiales; f__Oxalobacteraceae; g__Janthinobacterium; s__	d__Bacteria; p__Pseudomonadota; c__Gammaproteobacteria; o__Burkholderiales; f__Burkholderiaceae; g__Janthinobacterium; s__Janthinobacterium kumbetense	False	False
GCF_002127575.1	Janthinobacterium sp. GW460W	d__Bacteria; p__Pseudomonadota; c__Betaproteobacteria; o__Burkholderiales; f__Oxalobacteraceae; g__Janthinobacterium; s__	d__Bacteria; p__Pseudomonadota; c__Gammaproteobacteria; o__Burkholderiales; f__Burkholderiaceae; g__Janthinobacterium; s__Janthinobacterium sp002127655	False	False
GCF_002127585.1	Janthinobacterium sp. GW458P	d__Bacteria; p__Pseudomonadota; c__Betaproteobacteria; o__Burkholderiales; f__Oxalobacteraceae; g__Janthinobacterium; s__	d__Bacteria; p__Pseudomonadota; c__Gammaproteobacteria; o__Burkholderiales; f__Burkholderiaceae; g__Janthinobacterium; s__Janthinobacterium sp002127585	True	False
GCF_002127615.1	Janthinobacterium sp. GW456W	d__Bacteria; p__Pseudomonadota; c__Betaproteobacteria; o__Burkholderiales; f__Oxalobacteraceae; g__Janthinobacterium; s__	d__Bacteria; p__Pseudomonadota; c__Gammaproteobacteria; o__Burkholderiales; f__Burkholderiaceae; g__Janthinobacterium; s__Janthinobacterium sp002127655	False	False
GCF_002127625.1	Janthinobacterium sp. GW460P	d__Bacteria; p__Pseudomonadota; c__Betaproteobacteria; o__Burkholderiales; f__Oxalobacteraceae; g__Janthinobacterium; s__	d__Bacteria; p__Pseudomonadota; c__Gammaproteobacteria; o__Burkholderiales; f__Burkholderiaceae; g__Janthinobacterium; s__Janthinobacterium sp002127655	False	False
GCF_002127655.1	Janthinobacterium sp. GW456P	d__Bacteria; p__Pseudomonadota; c__Betaproteobacteria; o__Burkholderiales; f__Oxalobacteraceae; g__Janthinobacterium; s__	d__Bacteria; p__Pseudomonadota; c__Gammaproteobacteria; o__Burkholderiales; f__Burkholderiaceae; g__Janthinobacterium; s__Janthinobacterium sp002127655	True	False
GCF_002250505.1	Janthinobacterium sp. PC23-8	d__Bacteria; p__Pseudomonadota; c__Betaproteobacteria; o__Burkholderiales; f__Oxalobacteraceae; g__Janthinobacterium; s__	d__Bacteria; p__Pseudomonadota; c__Gammaproteobacteria; o__Burkholderiales; f__Burkholderiaceae; g__Janthinobacterium; s__Janthinobacterium sp002250505	True	False
GCF_002327145.1	Janthinobacterium svalbardensis	d__Bacteria; p__Pseudomonadota; c__Betaproteobacteria; o__Burkholderiales; f__Oxalobacteraceae; g__Janthinobacterium; s__Janthinobacterium svalbardensis	d__Bacteria; p__Pseudomonadota; c__Gammaproteobacteria; o__Burkholderiales; f__Burkholderiaceae; g__Janthinobacterium; s__Janthinobacterium tructae	False	False
GCF_002735655.1	Janthinobacterium sp. BJB446	d__Bacteria; p__Pseudomonadota; c__Betaproteobacteria; o__Burkholderiales; f__Oxalobacteraceae; g__Janthinobacterium; s__	d__Bacteria; p__Pseudomonadota; c__Gammaproteobacteria; o__Burkholderiales; f__Burkholderiaceae; g__Janthinobacterium; s__Janthinobacterium lividum	False	False
GCF_002735685.1	Janthinobacterium sp. BJB301	d__Bacteria; p__Pseudomonadota; c__Betaproteobacteria; o__Burkholderiales; f__Oxalobacteraceae; g__Janthinobacterium; s__	d__Bacteria; p__Pseudomonadota; c__Gammaproteobacteria; o__Burkholderiales; f__Burkholderiaceae; g__Janthinobacterium; s__Janthinobacterium lividum	False	False
GCF_002735705.1	Janthinobacterium sp. BJB426	d__Bacteria; p__Pseudomonadota; c__Betaproteobacteria; o__Burkholderiales; f__Oxalobacteraceae; g__Janthinobacterium; s__	d__Bacteria; p__Pseudomonadota; c__Gammaproteobacteria; o__Burkholderiales; f__Burkholderiaceae; g__Janthinobacterium; s__Janthinobacterium sp002735705	True	False
GCF_002735765.1	Janthinobacterium sp. BJB304	d__Bacteria; p__Pseudomonadota; c__Betaproteobacteria; o__Burkholderiales; f__Oxalobacteraceae; g__Janthinobacterium; s__	d__Bacteria; p__Pseudomonadota; c__Gammaproteobacteria; o__Burkholderiales; f__Burkholderiaceae; g__Janthinobacterium; s__Janthinobacterium sp001758725	False	False
GCF_002749695.1	Janthinobacterium sp. 13	d__Bacteria; p__Pseudomonadota; c__Betaproteobacteria; o__Burkholderiales; f__Oxalobacteraceae; g__Janthinobacterium; s__	d__Bacteria; p__Pseudomonadota; c__Gammaproteobacteria; o__Burkholderiales; f__Burkholderiaceae; g__Janthinobacterium; s__Janthinobacterium kumbetense	False	False
GCF_002754575.1	Janthinobacterium sp. 35	d__Bacteria; p__Pseudomonadota; c__Betaproteobacteria; o__Burkholderiales; f__Oxalobacteraceae; g__Janthinobacterium; s__	d__Bacteria; p__Pseudomonadota; c__Gammaproteobacteria; o__Burkholderiales; f__Burkholderiaceae; g__Janthinobacterium; s__Janthinobacterium tructae	False	False
GCF_002797895.1	Janthinobacterium sp. 67	d__Bacteria; p__Pseudomonadota; c__Betaproteobacteria; o__Burkholderiales; f__Oxalobacteraceae; g__Janthinobacterium; s__	d__Bacteria; p__Pseudomonadota; c__Gammaproteobacteria; o__Burkholderiales; f__Burkholderiaceae; g__Janthinobacterium; s__Janthinobacterium sp002797895	True	False
GCF_002813325.1	Janthinobacterium sp. 64	d__Bacteria; p__Pseudomonadota; c__Betaproteobacteria; o__Burkholderiales; f__Oxalobacteraceae; g__Janthinobacterium; s__	d__Bacteria; p__Pseudomonadota; c__Gammaproteobacteria; o__Burkholderiales; f__Burkholderiaceae; g__Janthinobacterium; s__Janthinobacterium sp002813325	True	False
GCF_002846335.1	Janthinobacterium sp. 61	d__Bacteria; p__Pseudomonadota; c__Betaproteobacteria; o__Burkholderiales; f__Oxalobacteraceae; g__Janthinobacterium; s__	d__Bacteria; p__Pseudomonadota; c__Gammaproteobacteria; o__Burkholderiales; f__Burkholderiaceae; g__Janthinobacterium; s__Janthinobacterium sp002846335	True	False
GCF_002869965.1	Janthinobacterium sp. ROICE36	d__Bacteria; p__Pseudomonadota; c__Betaproteobacteria; o__Burkholderiales; f__Oxalobacteraceae; g__Janthinobacterium; s__	d__Bacteria; p__Pseudomonadota; c__Gammaproteobacteria; o__Burkholderiales; f__Burkholderiaceae; g__Janthinobacterium; s__Janthinobacterium sp002869965	True	False
GCF_002878455.1	Janthinobacterium sp. AD80	d__Bacteria; p__Pseudomonadota; c__Betaproteobacteria; o__Burkholderiales; f__Oxalobacteraceae; g__Janthinobacterium; s__	d__Bacteria; p__Pseudomonadota; c__Gammaproteobacteria; o__Burkholderiales; f__Burkholderiaceae; g__Janthinobacterium; s__Janthinobacterium sp002878455	True	False
GCF_003096775.1	Janthinobacterium sp. 78	d__Bacteria; p__Pseudomonadota; c__Betaproteobacteria; o__Burkholderiales; f__Oxalobacteraceae; g__Janthinobacterium; s__	d__Bacteria; p__Pseudomonadota; c__Gammaproteobacteria; o__Burkholderiales; f__Burkholderiaceae; g__Janthinobacterium; s__Janthinobacterium tructae	False	False
GCF_003667705.1	Janthinobacterium agaricidamnosum	d__Bacteria; p__Pseudomonadota; c__Betaproteobacteria; o__Burkholderiales; f__Oxalobacteraceae; g__Janthinobacterium; s__Janthinobacterium agaricidamnosum	d__Bacteria; p__Pseudomonadota; c__Gammaproteobacteria; o__Burkholderiales; f__Burkholderiaceae; g__Janthinobacterium; s__Janthinobacterium sp001758725	True	False
GCF_004114795.1	Janthinobacterium sp. 17J80-10	d__Bacteria; p__Pseudomonadota; c__Betaproteobacteria; o__Burkholderiales; f__Oxalobacteraceae; g__Janthinobacterium; s__	d__Bacteria; p__Pseudomonadota; c__Gammaproteobacteria; o__Burkholderiales; f__Burkholderiaceae; g__Paucimonas; s__Paucimonas sp004114795	True	False
GCF_004365495.1	Janthinobacterium sp. 75	d__Bacteria; p__Pseudomonadota; c__Betaproteobacteria; o__Burkholderiales; f__Oxalobacteraceae; g__Janthinobacterium; s__	d__Bacteria; p__Pseudomonadota; c__Gammaproteobacteria; o__Burkholderiales; f__Burkholderiaceae; g__Janthinobacterium; s__Janthinobacterium sp002846335	False	False
GCF_005937955.2	Janthinobacterium sp. KBS0711	d__Bacteria; p__Pseudomonadota; c__Betaproteobacteria; o__Burkholderiales; f__Oxalobacteraceae; g__Janthinobacterium; s__	d__Bacteria; p__Pseudomonadota; c__Gammaproteobacteria; o__Burkholderiales; f__Burkholderiaceae; g__Janthinobacterium; s__Janthinobacterium lividum_E	False	False
GCF_006152155.1	Janthinobacterium lividum	d__Bacteria; p__Pseudomonadota; c__Betaproteobacteria; o__Burkholderiales; f__Oxalobacteraceae; g__Janthinobacterium; s__Janthinobacterium lividum	d__Bacteria; p__Pseudomonadota; c__Gammaproteobacteria; o__Burkholderiales; f__Burkholderiaceae; g__Janthinobacterium; s__Janthinobacterium lividum_C	False	False
GCF_006517255.1	Janthinobacterium tructae	d__Bacteria; p__Pseudomonadota; c__Betaproteobacteria; o__Burkholderiales; f__Oxalobacteraceae; g__Janthinobacterium; s__Janthinobacterium tructae	d__Bacteria; p__Pseudomonadota; c__Gammaproteobacteria; o__Burkholderiales; f__Burkholderiaceae; g__Janthinobacterium; s__Janthinobacterium tructae	True	True
GCF_008757015.1	Janthinobacterium lividum	d__Bacteria; p__Pseudomonadota; c__Betaproteobacteria; o__Burkholderiales; f__Oxalobacteraceae; g__Janthinobacterium; s__Janthinobacterium lividum	d__Bacteria; p__Pseudomonadota; c__Gammaproteobacteria; o__Burkholderiales; f__Burkholderiaceae; g__Janthinobacterium; s__Janthinobacterium lividum	False	False
GCF_009208555.1	Janthinobacterium violaceinigrum	d__Bacteria; p__Pseudomonadota; c__Betaproteobacteria; o__Burkholderiales; f__Oxalobacteraceae; g__Janthinobacterium; s__Janthinobacterium violaceinigrum	d__Bacteria; p__Pseudomonadota; c__Gammaproteobacteria; o__Burkholderiales; f__Burkholderiaceae; g__Janthinobacterium; s__Janthinobacterium violaceinigrum	True	True
GCF_009208565.1	Janthinobacterium sp. FT58W	d__Bacteria; p__Pseudomonadota; c__Betaproteobacteria; o__Burkholderiales; f__Oxalobacteraceae; g__Janthinobacterium; s__	d__Bacteria; p__Pseudomonadota; c__Gammaproteobacteria; o__Burkholderiales; f__Burkholderiaceae; g__Janthinobacterium; s__Janthinobacterium sp009208565	True	False
GCF_009208735.1	Janthinobacterium sp. FT68W	d__Bacteria; p__Pseudomonadota; c__Betaproteobacteria; o__Burkholderiales; f__Oxalobacteraceae; g__Janthinobacterium; s__	d__Bacteria; p__Pseudomonadota; c__Gammaproteobacteria; o__Burkholderiales; f__Burkholderiaceae; g__Janthinobacterium; s__Janthinobacterium sp009208735	True	False
GCF_009208755.1	Janthinobacterium sp. FT14W	d__Bacteria; p__Pseudomonadota; c__Betaproteobacteria; o__Burkholderiales; f__Oxalobacteraceae; g__Janthinobacterium; s__	d__Bacteria; p__Pseudomonadota; c__Gammaproteobacteria; o__Burkholderiales; f__Burkholderiaceae; g__Janthinobacterium; s__Janthinobacterium violaceinigrum	False	False
GCF_009923995.1	Janthinobacterium sp.	d__Bacteria; p__Pseudomonadota; c__Betaproteobacteria; o__Burkholderiales; f__Oxalobacteraceae; g__Janthinobacterium; s__	d__Bacteria; p__Pseudomonadota; c__Gammaproteobacteria; o__Burkholderiales; f__Burkholderiaceae; g__Janthinobacterium; s__Janthinobacterium sp009923995	True	False
GCF_011601275.1	Janthinobacterium lividum	d__Bacteria; p__Pseudomonadota; c__Betaproteobacteria; o__Burkholderiales; f__Oxalobacteraceae; g__Janthinobacterium; s__Janthinobacterium lividum	d__Bacteria; p__Pseudomonadota; c__Gammaproteobacteria; o__Burkholderiales; f__Burkholderiaceae; g__Janthinobacterium; s__Janthinobacterium lividum_E	True	False
GCF_013372045.1	Janthinobacterium lividum	d__Bacteria; p__Pseudomonadota; c__Betaproteobacteria; o__Burkholderiales; f__Oxalobacteraceae; g__Janthinobacterium; s__Janthinobacterium lividum	d__Bacteria; p__Pseudomonadota; c__Gammaproteobacteria; o__Burkholderiales; f__Burkholderiaceae; g__Janthinobacterium; s__Janthinobacterium lividum	False	False
GCF_013372065.1	Janthinobacterium lividum	d__Bacteria; p__Pseudomonadota; c__Betaproteobacteria; o__Burkholderiales; f__Oxalobacteraceae; g__Janthinobacterium; s__Janthinobacterium lividum	d__Bacteria; p__Pseudomonadota; c__Gammaproteobacteria; o__Burkholderiales; f__Burkholderiaceae; g__Janthinobacterium; s__Janthinobacterium lividum	False	False
GCF_013372745.1	Janthinobacterium sp. BJB401	d__Bacteria; p__Pseudomonadota; c__Betaproteobacteria; o__Burkholderiales; f__Oxalobacteraceae; g__Janthinobacterium; s__	d__Bacteria; p__Pseudomonadota; c__Gammaproteobacteria; o__Burkholderiales; f__Burkholderiaceae; g__Janthinobacterium; s__Janthinobacterium rivuli	False	False
GCF_014200645.1	Janthinobacterium sp. S3M3	d__Bacteria; p__Pseudomonadota; c__Betaproteobacteria; o__Burkholderiales; f__Oxalobacteraceae; g__Janthinobacterium; s__	d__Bacteria; p__Pseudomonadota; c__Gammaproteobacteria; o__Burkholderiales; f__Burkholderiaceae; g__Janthinobacterium; s__Janthinobacterium sp014200675	False	False
GCF_014200675.1	Janthinobacterium sp. S3T4	d__Bacteria; p__Pseudomonadota; c__Betaproteobacteria; o__Burkholderiales; f__Oxalobacteraceae; g__Janthinobacterium; s__	d__Bacteria; p__Pseudomonadota; c__Gammaproteobacteria; o__Burkholderiales; f__Burkholderiaceae; g__Janthinobacterium; s__Janthinobacterium sp014200675	True	False
GCF_014200685.1	Janthinobacterium sp. K2C7	d__Bacteria; p__Pseudomonadota; c__Betaproteobacteria; o__Burkholderiales; f__Oxalobacteraceae; g__Janthinobacterium; s__	d__Bacteria; p__Pseudomonadota; c__Gammaproteobacteria; o__Burkholderiales; f__Burkholderiaceae; g__Janthinobacterium; s__Janthinobacterium sp014200725	False	False
GCF_014200695.1	Janthinobacterium sp. K2Li3	d__Bacteria; p__Pseudomonadota; c__Betaproteobacteria; o__Burkholderiales; f__Oxalobacteraceae; g__Janthinobacterium; s__	d__Bacteria; p__Pseudomonadota; c__Gammaproteobacteria; o__Burkholderiales; f__Burkholderiaceae; g__Janthinobacterium; s__Janthinobacterium sp014200725	False	False
GCF_014200725.1	Janthinobacterium sp. K2E3	d__Bacteria; p__Pseudomonadota; c__Betaproteobacteria; o__Burkholderiales; f__Oxalobacteraceae; g__Janthinobacterium; s__	d__Bacteria; p__Pseudomonadota; c__Gammaproteobacteria; o__Burkholderiales; f__Burkholderiaceae; g__Janthinobacterium; s__Janthinobacterium sp014200725	True	False
GCF_014892605.1	Janthinobacterium sp. GW458P	d__Bacteria; p__Pseudomonadota; c__Betaproteobacteria; o__Burkholderiales; f__Oxalobacteraceae; g__Janthinobacterium; s__	d__Bacteria; p__Pseudomonadota; c__Gammaproteobacteria; o__Burkholderiales; f__Burkholderiaceae; g__Janthinobacterium; s__Janthinobacterium sp002127585	False	False
GCF_015751705.1	Janthinobacterium sp. CAN_S1	d__Bacteria; p__Pseudomonadota; c__Betaproteobacteria; o__Burkholderiales; f__Oxalobacteraceae; g__Janthinobacterium; s__	d__Bacteria; p__Pseudomonadota; c__Gammaproteobacteria; o__Burkholderiales; f__Burkholderiaceae; g__Janthinobacterium; s__Janthinobacterium lividum_D	False	False
GCF_017356645.1	Janthinobacterium lividum	d__Bacteria; p__Pseudomonadota; c__Betaproteobacteria; o__Burkholderiales; f__Oxalobacteraceae; g__Janthinobacterium; s__Janthinobacterium lividum	d__Bacteria; p__Pseudomonadota; c__Gammaproteobacteria; o__Burkholderiales; f__Burkholderiaceae; g__Janthinobacterium; s__Janthinobacterium lividum	False	False
GCF_018138675.1	Janthinobacterium lividum	d__Bacteria; p__Pseudomonadota; c__Betaproteobacteria; o__Burkholderiales; f__Oxalobacteraceae; g__Janthinobacterium; s__Janthinobacterium lividum	d__Bacteria; p__Pseudomonadota; c__Gammaproteobacteria; o__Burkholderiales; f__Burkholderiaceae; g__Janthinobacterium; s__Janthinobacterium lividum	False	False
GCF_018682595.1	Janthinobacterium sp. JC611	d__Bacteria; p__Pseudomonadota; c__Betaproteobacteria; o__Burkholderiales; f__Oxalobacteraceae; g__Janthinobacterium; s__	d__Bacteria; p__Pseudomonadota; c__Gammaproteobacteria; o__Burkholderiales; f__Burkholderiaceae; g__Janthinobacterium; s__Janthinobacterium sp009208735	False	False
GCF_019345455.1	Janthinobacterium sp. NKUCC06_STL	d__Bacteria; p__Pseudomonadota; c__Betaproteobacteria; o__Burkholderiales; f__Oxalobacteraceae; g__Janthinobacterium; s__	d__Bacteria; p__Pseudomonadota; c__Gammaproteobacteria; o__Burkholderiales; f__Burkholderiaceae; g__Janthinobacterium; s__Janthinobacterium rivuli	False	False
GCF_019345575.1	Janthinobacterium sp. NKUCC08_JDC	d__Bacteria; p__Pseudomonadota; c__Betaproteobacteria; o__Burkholderiales; f__Oxalobacteraceae; g__Janthinobacterium; s__	d__Bacteria; p__Pseudomonadota; c__Gammaproteobacteria; o__Burkholderiales; f__Burkholderiaceae; g__Janthinobacterium; s__Janthinobacterium lividum_C	False	False
GCF_019443505.1	Janthinobacterium sp. PAMC25594	d__Bacteria; p__Pseudomonadota; c__Betaproteobacteria; o__Burkholderiales; f__Oxalobacteraceae; g__Janthinobacterium; s__	d__Bacteria; p__Pseudomonadota; c__Gammaproteobacteria; o__Burkholderiales; f__Burkholderiaceae; g__Janthinobacterium; s__Janthinobacterium sp019443505	True	False
GCF_020208155.1	Janthinobacterium lividum	d__Bacteria; p__Pseudomonadota; c__Betaproteobacteria; o__Burkholderiales; f__Oxalobacteraceae; g__Janthinobacterium; s__Janthinobacterium lividum	d__Bacteria; p__Pseudomonadota; c__Gammaproteobacteria; o__Burkholderiales; f__Burkholderiaceae; g__Janthinobacterium; s__Janthinobacterium rivuli	False	False
GCF_020857995.1	Janthinobacterium sp. EB271-G4-3-1	d__Bacteria; p__Pseudomonadota; c__Betaproteobacteria; o__Burkholderiales; f__Oxalobacteraceae; g__Janthinobacterium; s__	d__Bacteria; p__Pseudomonadota; c__Gammaproteobacteria; o__Burkholderiales; f__Burkholderiaceae; g__Janthinobacterium; s__Janthinobacterium lividum_C	False	False
GCF_020858035.1	Janthinobacterium sp. EB271-G4-3-2	d__Bacteria; p__Pseudomonadota; c__Betaproteobacteria; o__Burkholderiales; f__Oxalobacteraceae; g__Janthinobacterium; s__	d__Bacteria; p__Pseudomonadota; c__Gammaproteobacteria; o__Burkholderiales; f__Burkholderiaceae; g__Janthinobacterium; s__Janthinobacterium lividum_C	False	False
GCF_020858075.1	Janthinobacterium sp. EB271-G4-7A	d__Bacteria; p__Pseudomonadota; c__Betaproteobacteria; o__Burkholderiales; f__Oxalobacteraceae; g__Janthinobacterium; s__	d__Bacteria; p__Pseudomonadota; c__Gammaproteobacteria; o__Burkholderiales; f__Burkholderiaceae; g__Janthinobacterium; s__Janthinobacterium lividum	False	False
GCF_020858095.1	Janthinobacterium sp. GW460P	d__Bacteria; p__Pseudomonadota; c__Betaproteobacteria; o__Burkholderiales; f__Oxalobacteraceae; g__Janthinobacterium; s__	d__Bacteria; p__Pseudomonadota; c__Gammaproteobacteria; o__Burkholderiales; f__Burkholderiaceae; g__Janthinobacterium; s__Janthinobacterium sp002127655	False	False
GCF_020858115.1	Janthinobacterium sp. FW305-129	d__Bacteria; p__Pseudomonadota; c__Betaproteobacteria; o__Burkholderiales; f__Oxalobacteraceae; g__Janthinobacterium; s__	d__Bacteria; p__Pseudomonadota; c__Gammaproteobacteria; o__Burkholderiales; f__Burkholderiaceae; g__Janthinobacterium; s__Janthinobacterium sp020858115	True	False
GCF_020858135.1	Janthinobacterium sp. FW305-128	d__Bacteria; p__Pseudomonadota; c__Betaproteobacteria; o__Burkholderiales; f__Oxalobacteraceae; g__Janthinobacterium; s__	d__Bacteria; p__Pseudomonadota; c__Gammaproteobacteria; o__Burkholderiales; f__Burkholderiaceae; g__Janthinobacterium; s__Janthinobacterium sp001758725	False	False
GCF_020858145.1	Janthinobacterium sp. GW460W	d__Bacteria; p__Pseudomonadota; c__Betaproteobacteria; o__Burkholderiales; f__Oxalobacteraceae; g__Janthinobacterium; s__	d__Bacteria; p__Pseudomonadota; c__Gammaproteobacteria; o__Burkholderiales; f__Burkholderiaceae; g__Janthinobacterium; s__Janthinobacterium sp002127655	False	False
GCF_020858175.1	Janthinobacterium lividum	d__Bacteria; p__Pseudomonadota; c__Betaproteobacteria; o__Burkholderiales; f__Oxalobacteraceae; g__Janthinobacterium; s__Janthinobacterium lividum	d__Bacteria; p__Pseudomonadota; c__Gammaproteobacteria; o__Burkholderiales; f__Burkholderiaceae; g__Janthinobacterium; s__Janthinobacterium lividum	False	True
GCF_021165895.1	Janthinobacterium sp. PLB04	d__Bacteria; p__Pseudomonadota; c__Betaproteobacteria; o__Burkholderiales; f__Oxalobacteraceae; g__Janthinobacterium; s__	d__Bacteria; p__Pseudomonadota; c__Gammaproteobacteria; o__Burkholderiales; f__Burkholderiaceae; g__Janthinobacterium; s__Janthinobacterium lividum	False	False
GCF_023509035.1	Janthinobacterium lividum	d__Bacteria; p__Pseudomonadota; c__Betaproteobacteria; o__Burkholderiales; f__Oxalobacteraceae; g__Janthinobacterium; s__Janthinobacterium lividum	d__Bacteria; p__Pseudomonadota; c__Gammaproteobacteria; o__Burkholderiales; f__Burkholderiaceae; g__Janthinobacterium; s__Janthinobacterium lividum_F	True	False
GCF_023703445.1	Janthinobacterium kumbetense	d__Bacteria; p__Pseudomonadota; c__Betaproteobacteria; o__Burkholderiales; f__Oxalobacteraceae; g__Janthinobacterium; s__Janthinobacterium kumbetense	d__Bacteria; p__Pseudomonadota; c__Gammaproteobacteria; o__Burkholderiales; f__Burkholderiaceae; g__Janthinobacterium; s__Janthinobacterium kumbetense	True	True
GCF_025356595.1	Janthinobacterium sp.	d__Bacteria; p__Pseudomonadota; c__Betaproteobacteria; o__Burkholderiales; f__Oxalobacteraceae; g__Janthinobacterium; s__	d__Bacteria; p__Pseudomonadota; c__Gammaproteobacteria; o__Burkholderiales; f__Burkholderiaceae; g__Janthinobacterium; s__Janthinobacterium sp025356595	True	False
GCF_026400235.1	Janthinobacterium sp.	d__Bacteria; p__Pseudomonadota; c__Betaproteobacteria; o__Burkholderiales; f__Oxalobacteraceae; g__Janthinobacterium; s__	d__Bacteria; p__Pseudomonadota; c__Gammaproteobacteria; o__Burkholderiales; f__Burkholderiaceae; g__Janthinobacterium; s__Janthinobacterium violaceinigrum	False	False
GCF_027489675.1	Janthinobacterium sp.	d__Bacteria; p__Pseudomonadota; c__Betaproteobacteria; o__Burkholderiales; f__Oxalobacteraceae; g__Janthinobacterium; s__	d__Bacteria; p__Pseudomonadota; c__Gammaproteobacteria; o__Burkholderiales; f__Burkholderiaceae; g__Janthinobacterium; s__Janthinobacterium tructae	False	False
GCF_028595325.1	Janthinobacterium fluminis	d__Bacteria; p__Pseudomonadota; c__Betaproteobacteria; o__Burkholderiales; f__Oxalobacteraceae; g__Janthinobacterium; s__Janthinobacterium fluminis	d__Bacteria; p__Pseudomonadota; c__Gammaproteobacteria; o__Burkholderiales; f__Burkholderiaceae; g__Janthinobacterium; s__Janthinobacterium fluminis	True	True
GCF_029690045.1	Janthinobacterium rivuli	d__Bacteria; p__Pseudomonadota; c__Betaproteobacteria; o__Burkholderiales; f__Oxalobacteraceae; g__Janthinobacterium; s__Janthinobacterium rivuli	d__Bacteria; p__Pseudomonadota; c__Gammaproteobacteria; o__Burkholderiales; f__Burkholderiaceae; g__Janthinobacterium; s__Janthinobacterium rivuli	True	False
GCF_029892305.1	Janthinobacterium sp. CG_23.4	d__Bacteria; p__Pseudomonadota; c__Betaproteobacteria; o__Burkholderiales; f__Oxalobacteraceae; g__Janthinobacterium; s__	d__Bacteria; p__Pseudomonadota; c__Gammaproteobacteria; o__Burkholderiales; f__Burkholderiaceae; g__Janthinobacterium; s__Janthinobacterium lividum_D	False	False
GCF_029960805.1	Janthinobacterium tructae	d__Bacteria; p__Pseudomonadota; c__Betaproteobacteria; o__Burkholderiales; f__Oxalobacteraceae; g__Janthinobacterium; s__Janthinobacterium tructae	d__Bacteria; p__Pseudomonadota; c__Gammaproteobacteria; o__Burkholderiales; f__Burkholderiaceae; g__Janthinobacterium; s__Janthinobacterium tructae	False	False
GCF_030153085.1	Janthinobacterium sp.	d__Bacteria; p__Pseudomonadota; c__Betaproteobacteria; o__Burkholderiales; f__Oxalobacteraceae; g__Janthinobacterium; s__	d__Bacteria; p__Pseudomonadota; c__Gammaproteobacteria; o__Burkholderiales; f__Burkholderiaceae; g__Janthinobacterium; s__Janthinobacterium sp014200725	False	False
GCF_030397595.1	Janthinobacterium sp. SUN033	d__Bacteria; p__Pseudomonadota; c__Betaproteobacteria; o__Burkholderiales; f__Oxalobacteraceae; g__Janthinobacterium; s__	d__Bacteria; p__Pseudomonadota; c__Gammaproteobacteria; o__Burkholderiales; f__Burkholderiaceae; g__Janthinobacterium; s__Janthinobacterium kumbetense	False	False
GCF_030397625.1	Janthinobacterium sp. SUN026	d__Bacteria; p__Pseudomonadota; c__Betaproteobacteria; o__Burkholderiales; f__Oxalobacteraceae; g__Janthinobacterium; s__	d__Bacteria; p__Pseudomonadota; c__Gammaproteobacteria; o__Burkholderiales; f__Burkholderiaceae; g__Janthinobacterium; s__Janthinobacterium kumbetense	False	False
GCF_030397665.1	Janthinobacterium sp. SUN073	d__Bacteria; p__Pseudomonadota; c__Betaproteobacteria; o__Burkholderiales; f__Oxalobacteraceae; g__Janthinobacterium; s__	d__Bacteria; p__Pseudomonadota; c__Gammaproteobacteria; o__Burkholderiales; f__Burkholderiaceae; g__Janthinobacterium; s__Janthinobacterium sp030397665	True	False
GCF_030397695.1	Janthinobacterium sp. SUN118	d__Bacteria; p__Pseudomonadota; c__Betaproteobacteria; o__Burkholderiales; f__Oxalobacteraceae; g__Janthinobacterium; s__	d__Bacteria; p__Pseudomonadota; c__Gammaproteobacteria; o__Burkholderiales; f__Burkholderiaceae; g__Janthinobacterium; s__Janthinobacterium sp001865675	False	False
GCF_030397705.1	Janthinobacterium sp. SUN100	d__Bacteria; p__Pseudomonadota; c__Betaproteobacteria; o__Burkholderiales; f__Oxalobacteraceae; g__Janthinobacterium; s__	d__Bacteria; p__Pseudomonadota; c__Gammaproteobacteria; o__Burkholderiales; f__Burkholderiaceae; g__Janthinobacterium; s__Janthinobacterium kumbetense	False	False
GCF_030397735.1	Janthinobacterium sp. SUN120	d__Bacteria; p__Pseudomonadota; c__Betaproteobacteria; o__Burkholderiales; f__Oxalobacteraceae; g__Janthinobacterium; s__	d__Bacteria; p__Pseudomonadota; c__Gammaproteobacteria; o__Burkholderiales; f__Burkholderiaceae; g__Janthinobacterium; s__Janthinobacterium kumbetense	False	False
GCF_030587265.1	Janthinobacterium sp. SUN137	d__Bacteria; p__Pseudomonadota; c__Betaproteobacteria; o__Burkholderiales; f__Oxalobacteraceae; g__Janthinobacterium; s__	d__Bacteria; p__Pseudomonadota; c__Gammaproteobacteria; o__Burkholderiales; f__Burkholderiaceae; g__Janthinobacterium; s__Janthinobacterium kumbetense	False	False
GCF_030587275.1	Janthinobacterium sp. SUN128	d__Bacteria; p__Pseudomonadota; c__Betaproteobacteria; o__Burkholderiales; f__Oxalobacteraceae; g__Janthinobacterium; s__	d__Bacteria; p__Pseudomonadota; c__Gammaproteobacteria; o__Burkholderiales; f__Burkholderiaceae; g__Janthinobacterium; s__Janthinobacterium lividum	False	False
GCF_030587305.1	Janthinobacterium sp. SUN206	d__Bacteria; p__Pseudomonadota; c__Betaproteobacteria; o__Burkholderiales; f__Oxalobacteraceae; g__Janthinobacterium; s__	d__Bacteria; p__Pseudomonadota; c__Gammaproteobacteria; o__Burkholderiales; f__Burkholderiaceae; g__Janthinobacterium; s__Janthinobacterium kumbetense	False	False
GCF_030587315.1	Janthinobacterium sp. SUN211	d__Bacteria; p__Pseudomonadota; c__Betaproteobacteria; o__Burkholderiales; f__Oxalobacteraceae; g__Janthinobacterium; s__	d__Bacteria; p__Pseudomonadota; c__Gammaproteobacteria; o__Burkholderiales; f__Burkholderiaceae; g__Janthinobacterium; s__Janthinobacterium kumbetense	False	False
GCF_030587335.1	Janthinobacterium sp. SUN176	d__Bacteria; p__Pseudomonadota; c__Betaproteobacteria; o__Burkholderiales; f__Oxalobacteraceae; g__Janthinobacterium; s__	d__Bacteria; p__Pseudomonadota; c__Gammaproteobacteria; o__Burkholderiales; f__Burkholderiaceae; g__Janthinobacterium; s__Janthinobacterium kumbetense	False	False
GCF_030908825.1	Janthinobacterium lividum	d__Bacteria; p__Pseudomonadota; c__Betaproteobacteria; o__Burkholderiales; f__Oxalobacteraceae; g__Janthinobacterium; s__Janthinobacterium lividum	d__Bacteria; p__Pseudomonadota; c__Gammaproteobacteria; o__Burkholderiales; f__Burkholderiaceae; g__Janthinobacterium; s__Janthinobacterium lividum	False	False
GCF_030909085.1	Janthinobacterium lividum	d__Bacteria; p__Pseudomonadota; c__Betaproteobacteria; o__Burkholderiales; f__Oxalobacteraceae; g__Janthinobacterium; s__Janthinobacterium lividum	d__Bacteria; p__Pseudomonadota; c__Gammaproteobacteria; o__Burkholderiales; f__Burkholderiaceae; g__Janthinobacterium; s__Janthinobacterium lividum	False	False
GCF_030909125.1	Janthinobacterium lividum	d__Bacteria; p__Pseudomonadota; c__Betaproteobacteria; o__Burkholderiales; f__Oxalobacteraceae; g__Janthinobacterium; s__Janthinobacterium lividum	d__Bacteria; p__Pseudomonadota; c__Gammaproteobacteria; o__Burkholderiales; f__Burkholderiaceae; g__Janthinobacterium; s__Janthinobacterium lividum	False	False
GCF_030944405.1	Janthinobacterium sp. J1-1	d__Bacteria; p__Pseudomonadota; c__Betaproteobacteria; o__Burkholderiales; f__Oxalobacteraceae; g__Janthinobacterium; s__	d__Bacteria; p__Pseudomonadota; c__Gammaproteobacteria; o__Burkholderiales; f__Burkholderiaceae; g__Janthinobacterium; s__Janthinobacterium sp030944405	True	False
GCF_031995485.1	Janthinobacterium sp.	d__Bacteria; p__Pseudomonadota; c__Betaproteobacteria; o__Burkholderiales; f__Oxalobacteraceae; g__Janthinobacterium; s__	d__Bacteria; p__Pseudomonadota; c__Gammaproteobacteria; o__Burkholderiales; f__Burkholderiaceae; g__Janthinobacterium; s__Janthinobacterium sp031995485	True	False
GCF_033949445.1	Janthinobacterium sp. GMG2	d__Bacteria; p__Pseudomonadota; c__Betaproteobacteria; o__Burkholderiales; f__Oxalobacteraceae; g__Janthinobacterium; s__	d__Bacteria; p__Pseudomonadota; c__Gammaproteobacteria; o__Burkholderiales; f__Burkholderiaceae; g__Janthinobacterium; s__Janthinobacterium lividum_C	False	False
GCF_034424625.1	Janthinobacterium lividum	d__Bacteria; p__Pseudomonadota; c__Betaproteobacteria; o__Burkholderiales; f__Oxalobacteraceae; g__Janthinobacterium; s__Janthinobacterium lividum	d__Bacteria; p__Pseudomonadota; c__Gammaproteobacteria; o__Burkholderiales; f__Burkholderiaceae; g__Janthinobacterium; s__Janthinobacterium lividum	True	True
GCF_034427795.1	Janthinobacterium sp. GMG1	d__Bacteria; p__Pseudomonadota; c__Betaproteobacteria; o__Burkholderiales; f__Oxalobacteraceae; g__Janthinobacterium; s__	d__Bacteria; p__Pseudomonadota; c__Gammaproteobacteria; o__Burkholderiales; f__Burkholderiaceae; g__Janthinobacterium; s__Janthinobacterium sp002735705	False	False
GCF_035760185.1	Janthinobacterium sp.	d__Bacteria; p__Pseudomonadota; c__Betaproteobacteria; o__Burkholderiales; f__Oxalobacteraceae; g__Janthinobacterium; s__	d__Bacteria; p__Pseudomonadota; c__Gammaproteobacteria; o__Burkholderiales; f__Burkholderiaceae; g__Janthinobacterium; s__Janthinobacterium sp001758725	False	False
GCF_035984665.1	Janthinobacterium sp. CG_S6	d__Bacteria; p__Pseudomonadota; c__Betaproteobacteria; o__Burkholderiales; f__Oxalobacteraceae; g__Janthinobacterium; s__	d__Bacteria; p__Pseudomonadota; c__Gammaproteobacteria; o__Burkholderiales; f__Burkholderiaceae; g__Janthinobacterium; s__Janthinobacterium sp000344615	False	False
GCF_036231865.1	Janthinobacterium sp. P210005	d__Bacteria; p__Pseudomonadota; c__Betaproteobacteria; o__Burkholderiales; f__Oxalobacteraceae; g__Janthinobacterium; s__	d__Bacteria; p__Pseudomonadota; c__Gammaproteobacteria; o__Burkholderiales; f__Burkholderiaceae; g__Janthinobacterium; s__Janthinobacterium kumbetense	False	False
GCF_036231885.1	Janthinobacterium sp. P210006	d__Bacteria; p__Pseudomonadota; c__Betaproteobacteria; o__Burkholderiales; f__Oxalobacteraceae; g__Janthinobacterium; s__	d__Bacteria; p__Pseudomonadota; c__Gammaproteobacteria; o__Burkholderiales; f__Burkholderiaceae; g__Janthinobacterium; s__Janthinobacterium violaceinigrum	False	False
GCF_036543145.1	Janthinobacterium sp. LS2A	d__Bacteria; p__Pseudomonadota; c__Betaproteobacteria; o__Burkholderiales; f__Oxalobacteraceae; g__Janthinobacterium; s__	d__Bacteria; p__Pseudomonadota; c__Gammaproteobacteria; o__Burkholderiales; f__Burkholderiaceae; g__Janthinobacterium; s__Janthinobacterium lividum_C	False	False
GCF_036688625.1	Janthinobacterium svalbardensis	d__Bacteria; p__Pseudomonadota; c__Betaproteobacteria; o__Burkholderiales; f__Oxalobacteraceae; g__Janthinobacterium; s__Janthinobacterium svalbardensis	d__Bacteria; p__Pseudomonadota; c__Gammaproteobacteria; o__Burkholderiales; f__Burkholderiaceae; g__Janthinobacterium; s__Janthinobacterium sp019443505	False	False
GCF_036885605.1	Janthinobacterium sp. TB1-E2	d__Bacteria; p__Pseudomonadota; c__Betaproteobacteria; o__Burkholderiales; f__Oxalobacteraceae; g__Janthinobacterium; s__	d__Bacteria; p__Pseudomonadota; c__Gammaproteobacteria; o__Burkholderiales; f__Burkholderiaceae; g__Janthinobacterium; s__Janthinobacterium lividum_C	True	False
GCF_039123545.1	Janthinobacterium sp. CAN_S7	d__Bacteria; p__Pseudomonadota; c__Betaproteobacteria; o__Burkholderiales; f__Oxalobacteraceae; g__Janthinobacterium; s__	d__Bacteria; p__Pseudomonadota; c__Gammaproteobacteria; o__Burkholderiales; f__Burkholderiaceae; g__Janthinobacterium; s__Janthinobacterium lividum_D	False	False
GCF_900095235.1	Janthinobacterium sp. UMAB-60	d__Bacteria; p__Pseudomonadota; c__Betaproteobacteria; o__Burkholderiales; f__Oxalobacteraceae; g__Janthinobacterium; s__	d__Bacteria; p__Pseudomonadota; c__Gammaproteobacteria; o__Burkholderiales; f__Burkholderiaceae; g__Janthinobacterium; s__Janthinobacterium sp019443505	False	False
GCF_900095265.1	Janthinobacterium sp. UMAB-56	d__Bacteria; p__Pseudomonadota; c__Betaproteobacteria; o__Burkholderiales; f__Oxalobacteraceae; g__Janthinobacterium; s__	d__Bacteria; p__Pseudomonadota; c__Gammaproteobacteria; o__Burkholderiales; f__Burkholderiaceae; g__Janthinobacterium; s__Janthinobacterium sp900095265	True	False
GCF_900099875.1	Janthinobacterium sp. YR213	d__Bacteria; p__Pseudomonadota; c__Betaproteobacteria; o__Burkholderiales; f__Oxalobacteraceae; g__Janthinobacterium; s__	d__Bacteria; p__Pseudomonadota; c__Gammaproteobacteria; o__Burkholderiales; f__Burkholderiaceae; g__Janthinobacterium; s__Janthinobacterium lividum	False	False
GCF_900103595.1	Janthinobacterium sp. OK676	d__Bacteria; p__Pseudomonadota; c__Betaproteobacteria; o__Burkholderiales; f__Oxalobacteraceae; g__Janthinobacterium; s__	d__Bacteria; p__Pseudomonadota; c__Gammaproteobacteria; o__Burkholderiales; f__Burkholderiaceae; g__Janthinobacterium; s__Janthinobacterium sp002797895	False	False
GCF_900103675.1	Janthinobacterium sp. 551a	d__Bacteria; p__Pseudomonadota; c__Betaproteobacteria; o__Burkholderiales; f__Oxalobacteraceae; g__Janthinobacterium; s__	d__Bacteria; p__Pseudomonadota; c__Gammaproteobacteria; o__Burkholderiales; f__Burkholderiaceae; g__Janthinobacterium; s__Janthinobacterium sp900112025	False	False
GCF_900112025.1	Janthinobacterium sp. 344	d__Bacteria; p__Pseudomonadota; c__Betaproteobacteria; o__Burkholderiales; f__Oxalobacteraceae; g__Janthinobacterium; s__	d__Bacteria; p__Pseudomonadota; c__Gammaproteobacteria; o__Burkholderiales; f__Burkholderiaceae; g__Janthinobacterium; s__Janthinobacterium sp900112025	True	False
GCF_900119665.1	Janthinobacterium lividum	d__Bacteria; p__Pseudomonadota; c__Betaproteobacteria; o__Burkholderiales; f__Oxalobacteraceae; g__Janthinobacterium; s__Janthinobacterium lividum	d__Bacteria; p__Pseudomonadota; c__Gammaproteobacteria; o__Burkholderiales; f__Burkholderiaceae; g__Janthinobacterium; s__Janthinobacterium lividum_C	False	False
GCF_900156175.1	Janthinobacterium sp. TND4EL3	d__Bacteria; p__Pseudomonadota; c__Betaproteobacteria; o__Burkholderiales; f__Oxalobacteraceae; g__Janthinobacterium; s__	d__Bacteria; p__Pseudomonadota; c__Gammaproteobacteria; o__Burkholderiales; f__Burkholderiaceae; g__Janthinobacterium; s__Janthinobacterium sp900156175	True	False
GCF_900451145.1	Janthinobacterium lividum	d__Bacteria; p__Pseudomonadota; c__Betaproteobacteria; o__Burkholderiales; f__Oxalobacteraceae; g__Janthinobacterium; s__Janthinobacterium lividum	d__Bacteria; p__Pseudomonadota; c__Gammaproteobacteria; o__Burkholderiales; f__Burkholderiaceae; g__Janthinobacterium; s__Janthinobacterium lividum	False	True
GCF_900451225.1	Janthinobacterium lividum	d__Bacteria; p__Pseudomonadota; c__Betaproteobacteria; o__Burkholderiales; f__Oxalobacteraceae; g__Janthinobacterium; s__Janthinobacterium lividum	d__Bacteria; p__Pseudomonadota; c__Gammaproteobacteria; o__Burkholderiales; f__Burkholderiaceae; g__Janthinobacterium; s__Janthinobacterium lividum_C	False	False
GCF_903469655.1	Janthinobacterium sp. Marseille-P9896	d__Bacteria; p__Pseudomonadota; c__Betaproteobacteria; o__Burkholderiales; f__Oxalobacteraceae; g__Janthinobacterium; s__	d__Bacteria; p__Pseudomonadota; c__Gammaproteobacteria; o__Burkholderiales; f__Burkholderiaceae; g__Herminiimonas; s__Herminiimonas contaminans	False	False
GCF_963530105.1	uncultured Janthinobacterium sp.	d__Bacteria; p__Pseudomonadota; c__Betaproteobacteria; o__Burkholderiales; f__Oxalobacteraceae; g__Janthinobacterium; s__	d__Bacteria; p__Pseudomonadota; c__Gammaproteobacteria; o__Burkholderiales; f__Burkholderiaceae; g__Janthinobacterium; s__Janthinobacterium sp963530105	True	False
GCF_963530255.1	uncultured Janthinobacterium sp.	d__Bacteria; p__Pseudomonadota; c__Betaproteobacteria; o__Burkholderiales; f__Oxalobacteraceae; g__Janthinobacterium; s__	d__Bacteria; p__Pseudomonadota; c__Gammaproteobacteria; o__Burkholderiales; f__Burkholderiaceae; g__Janthinobacterium; s__Janthinobacterium sp002797895	False	False
